day,num,ticket,time,exit,enter
09/30/2015,61348,66,09/30/2015 08:02:01,14,47
09/30/2015,61565,73,09/30/2015 08:02:13,14,47
09/30/2015,61784,73,09/30/2015 08:02:24,14,47
09/30/2015,62366,67,09/30/2015 08:02:56,14,47
09/30/2015,62397,67,09/30/2015 08:02:58,14,47
09/30/2015,71242,66,09/30/2015 08:13:43,14,47
09/30/2015,71621,73,09/30/2015 08:14:03,14,47
09/30/2015,71930,50,09/30/2015 08:14:18,14,47
09/30/2015,72177,66,09/30/2015 08:14:30,14,47
09/30/2015,72705,66,09/30/2015 08:14:55,14,47
09/30/2015,72932,50,09/30/2015 08:15:06,14,47
09/30/2015,78562,66,09/30/2015 08:22:59,14,47
09/30/2015,79016,73,09/30/2015 08:23:27,14,47
09/30/2015,79677,66,09/30/2015 08:24:01,14,47
09/30/2015,61285,50,09/30/2015 08:01:57,14,34
09/30/2015,61380,73,09/30/2015 08:02:03,14,34
09/30/2015,61472,59,09/30/2015 08:02:08,14,34
09/30/2015,61602,73,09/30/2015 08:02:15,14,34
09/30/2015,61840,73,09/30/2015 08:02:27,14,34
09/30/2015,61854,50,09/30/2015 08:02:28,14,34
09/30/2015,62102,69,09/30/2015 08:02:41,14,34
09/30/2015,62118,68,09/30/2015 08:02:42,14,34
09/30/2015,62129,66,09/30/2015 08:02:43,14,34
09/30/2015,62155,53,09/30/2015 08:02:44,14,34
09/30/2015,62156,66,09/30/2015 08:02:44,14,34
09/30/2015,64813,50,09/30/2015 08:05:35,14,34
09/30/2015,65548,73,09/30/2015 08:06:22,14,34
09/30/2015,65845,50,09/30/2015 08:06:45,14,34
09/30/2015,65890,50,09/30/2015 08:06:48,14,34
09/30/2015,70980,73,09/30/2015 08:13:30,14,34
09/30/2015,71084,50,09/30/2015 08:13:35,14,34
09/30/2015,71144,66,09/30/2015 08:13:38,14,34
09/30/2015,71146,66,09/30/2015 08:13:38,14,34
09/30/2015,71166,66,09/30/2015 08:13:39,14,34
09/30/2015,71224,66,09/30/2015 08:13:42,14,34
09/30/2015,71263,50,09/30/2015 08:13:44,14,34
09/30/2015,71324,50,09/30/2015 08:13:47,14,34
09/30/2015,71481,73,09/30/2015 08:13:55,14,34
09/30/2015,71485,66,09/30/2015 08:13:55,14,34
09/30/2015,71583,66,09/30/2015 08:14:01,14,34
09/30/2015,71644,66,09/30/2015 08:14:04,14,34
09/30/2015,71679,66,09/30/2015 08:14:06,14,34
09/30/2015,71697,66,09/30/2015 08:14:07,14,34
09/30/2015,71738,66,09/30/2015 08:14:09,14,34
09/30/2015,71751,66,09/30/2015 08:14:10,14,34
09/30/2015,71779,66,09/30/2015 08:14:11,14,34
09/30/2015,71849,66,09/30/2015 08:14:14,14,34
09/30/2015,71888,66,09/30/2015 08:14:16,14,34
09/30/2015,71890,66,09/30/2015 08:14:16,14,34
09/30/2015,71891,66,09/30/2015 08:14:16,14,34
09/30/2015,71973,68,09/30/2015 08:14:20,14,34
09/30/2015,72063,66,09/30/2015 08:14:24,14,34
09/30/2015,72262,66,09/30/2015 08:14:34,14,34
09/30/2015,72362,66,09/30/2015 08:14:39,14,34
09/30/2015,72412,66,09/30/2015 08:14:41,14,34
09/30/2015,72413,66,09/30/2015 08:14:41,14,34
09/30/2015,72475,66,09/30/2015 08:14:44,14,34
09/30/2015,72552,66,09/30/2015 08:14:48,14,34
09/30/2015,72735,66,09/30/2015 08:14:56,14,34
09/30/2015,72820,66,09/30/2015 08:15:00,14,34
09/30/2015,78475,69,09/30/2015 08:22:54,14,34
09/30/2015,78605,66,09/30/2015 08:23:02,14,34
09/30/2015,78762,50,09/30/2015 08:23:12,14,34
09/30/2015,61364,66,09/30/2015 08:02:02,14,48
09/30/2015,62136,50,09/30/2015 08:02:43,14,48
09/30/2015,70961,73,09/30/2015 08:13:29,14,48
09/30/2015,71362,73,09/30/2015 08:13:49,14,48
09/30/2015,71400,50,09/30/2015 08:13:51,14,48
09/30/2015,71460,50,09/30/2015 08:13:54,14,48
09/30/2015,71483,66,09/30/2015 08:13:55,14,48
09/30/2015,72151,66,09/30/2015 08:14:29,14,48
09/30/2015,72197,66,09/30/2015 08:14:31,14,48
09/30/2015,72685,66,09/30/2015 08:14:54,14,48
09/30/2015,72872,73,09/30/2015 08:15:03,14,48
09/30/2015,72895,50,09/30/2015 08:15:04,14,48
09/30/2015,73183,66,09/30/2015 08:15:21,14,48
09/30/2015,78910,66,09/30/2015 08:23:22,14,48
09/30/2015,79035,73,09/30/2015 08:23:28,14,48
09/30/2015,61349,66,09/30/2015 08:02:01,14,45
09/30/2015,61600,66,09/30/2015 08:02:15,14,45
09/30/2015,61651,66,09/30/2015 08:02:18,14,45
09/30/2015,71003,73,09/30/2015 08:13:31,14,45
09/30/2015,71443,73,09/30/2015 08:13:53,14,45
09/30/2015,71488,66,09/30/2015 08:13:55,14,45
09/30/2015,71581,66,09/30/2015 08:14:01,14,45
09/30/2015,71734,66,09/30/2015 08:14:09,14,45
09/30/2015,71752,66,09/30/2015 08:14:10,14,45
09/30/2015,72432,66,09/30/2015 08:14:42,14,45
09/30/2015,72960,66,09/30/2015 08:15:08,14,45
09/30/2015,73275,73,09/30/2015 08:15:27,14,45
09/30/2015,78913,66,09/30/2015 08:23:22,14,45
09/30/2015,81549,66,09/30/2015 08:26:09,14,45
09/30/2015,62879,66,09/30/2015 08:03:26,14,11
09/30/2015,62935,59,09/30/2015 08:03:29,14,11
09/30/2015,62983,50,09/30/2015 08:03:31,14,11
09/30/2015,62984,66,09/30/2015 08:03:31,14,11
09/30/2015,63050,66,09/30/2015 08:03:35,14,11
09/30/2015,63052,66,09/30/2015 08:03:35,14,11
09/30/2015,63078,66,09/30/2015 08:03:36,14,11
09/30/2015,63121,50,09/30/2015 08:03:38,14,11
09/30/2015,63122,50,09/30/2015 08:03:38,14,11
09/30/2015,63174,59,09/30/2015 08:03:41,14,11
09/30/2015,63206,50,09/30/2015 08:03:43,14,11
09/30/2015,63241,50,09/30/2015 08:03:45,14,11
09/30/2015,63260,66,09/30/2015 08:03:46,14,11
09/30/2015,63378,66,09/30/2015 08:03:53,14,11
09/30/2015,63396,50,09/30/2015 08:03:54,14,11
09/30/2015,63428,60,09/30/2015 08:03:56,14,11
09/30/2015,63487,50,09/30/2015 08:04:00,14,11
09/30/2015,63515,50,09/30/2015 08:04:02,14,11
09/30/2015,63525,50,09/30/2015 08:04:03,14,11
09/30/2015,63559,66,09/30/2015 08:04:06,14,11
09/30/2015,63578,50,09/30/2015 08:04:07,14,11
09/30/2015,63821,66,09/30/2015 08:04:31,14,11
09/30/2015,64337,66,09/30/2015 08:05:04,14,11
09/30/2015,71062,66,09/30/2015 08:13:34,14,11
09/30/2015,71083,66,09/30/2015 08:13:35,14,11
09/30/2015,71143,73,09/30/2015 08:13:38,14,11
09/30/2015,71182,66,09/30/2015 08:13:40,14,11
09/30/2015,71183,66,09/30/2015 08:13:40,14,11
09/30/2015,71184,50,09/30/2015 08:13:40,14,11
09/30/2015,71401,66,09/30/2015 08:13:51,14,11
09/30/2015,71484,50,09/30/2015 08:13:55,14,11
09/30/2015,71523,50,09/30/2015 08:13:57,14,11
09/30/2015,71622,66,09/30/2015 08:14:03,14,11
09/30/2015,71656,50,09/30/2015 08:14:05,14,11
09/30/2015,71680,66,09/30/2015 08:14:06,14,11
09/30/2015,71681,66,09/30/2015 08:14:06,14,11
09/30/2015,71722,59,09/30/2015 08:14:08,14,11
09/30/2015,71723,66,09/30/2015 08:14:08,14,11
09/30/2015,71889,66,09/30/2015 08:14:16,14,11
09/30/2015,71926,50,09/30/2015 08:14:18,14,11
09/30/2015,71929,50,09/30/2015 08:14:18,14,11
09/30/2015,72082,50,09/30/2015 08:14:25,14,11
09/30/2015,72102,73,09/30/2015 08:14:26,14,11
09/30/2015,72122,66,09/30/2015 08:14:27,14,11
09/30/2015,72150,50,09/30/2015 08:14:29,14,11
09/30/2015,72176,66,09/30/2015 08:14:30,14,11
09/30/2015,72193,50,09/30/2015 08:14:31,14,11
09/30/2015,72196,66,09/30/2015 08:14:31,14,11
09/30/2015,72241,50,09/30/2015 08:14:33,14,11
09/30/2015,72283,50,09/30/2015 08:14:35,14,11
09/30/2015,72284,50,09/30/2015 08:14:35,14,11
09/30/2015,72285,66,09/30/2015 08:14:35,14,11
09/30/2015,72287,50,09/30/2015 08:14:35,14,11
09/30/2015,72306,66,09/30/2015 08:14:36,14,11
09/30/2015,72363,73,09/30/2015 08:14:39,14,11
09/30/2015,72551,50,09/30/2015 08:14:48,14,11
09/30/2015,72600,50,09/30/2015 08:14:50,14,11
09/30/2015,72620,59,09/30/2015 08:14:51,14,11
09/30/2015,72655,73,09/30/2015 08:14:53,14,11
09/30/2015,72734,66,09/30/2015 08:14:56,14,11
09/30/2015,72740,66,09/30/2015 08:14:56,14,11
09/30/2015,72757,60,09/30/2015 08:14:57,14,11
09/30/2015,72813,50,09/30/2015 08:15:00,14,11
09/30/2015,72852,50,09/30/2015 08:15:02,14,11
09/30/2015,72914,59,09/30/2015 08:15:05,14,11
09/30/2015,76008,66,09/30/2015 08:19:27,14,11
09/30/2015,76026,73,09/30/2015 08:19:29,14,11
09/30/2015,76027,73,09/30/2015 08:19:29,14,11
09/30/2015,76036,73,09/30/2015 08:19:30,14,11
09/30/2015,76067,73,09/30/2015 08:19:33,14,11
09/30/2015,76089,50,09/30/2015 08:19:36,14,11
09/30/2015,76090,50,09/30/2015 08:19:36,14,11
09/30/2015,76167,53,09/30/2015 08:19:45,14,11
09/30/2015,76168,53,09/30/2015 08:19:45,14,11
09/30/2015,76203,66,09/30/2015 08:19:48,14,11
09/30/2015,76204,50,09/30/2015 08:19:48,14,11
09/30/2015,76216,53,09/30/2015 08:19:49,14,11
09/30/2015,76219,66,09/30/2015 08:19:49,14,11
09/30/2015,76274,66,09/30/2015 08:19:54,14,11
09/30/2015,76282,66,09/30/2015 08:19:55,14,11
09/30/2015,76304,50,09/30/2015 08:19:57,14,11
09/30/2015,76336,66,09/30/2015 08:19:59,14,11
09/30/2015,76337,50,09/30/2015 08:19:59,14,11
09/30/2015,76342,102,09/30/2015 08:20:00,14,11
09/30/2015,76357,66,09/30/2015 08:20:01,14,11
09/30/2015,76373,59,09/30/2015 08:20:03,14,11
09/30/2015,76402,66,09/30/2015 08:20:05,14,11
09/30/2015,76427,69,09/30/2015 08:20:07,14,11
09/30/2015,76428,66,09/30/2015 08:20:07,14,11
09/30/2015,76456,50,09/30/2015 08:20:10,14,11
09/30/2015,76465,50,09/30/2015 08:20:11,14,11
09/30/2015,76503,50,09/30/2015 08:20:14,14,11
09/30/2015,76511,59,09/30/2015 08:20:15,14,11
09/30/2015,76577,50,09/30/2015 08:20:21,14,11
09/30/2015,76654,59,09/30/2015 08:20:28,14,11
09/30/2015,76655,66,09/30/2015 08:20:28,14,11
09/30/2015,76827,50,09/30/2015 08:20:44,14,11
09/30/2015,81455,66,09/30/2015 08:26:05,14,11
09/30/2015,81461,73,09/30/2015 08:26:05,14,11
09/30/2015,81503,73,09/30/2015 08:26:07,14,11
09/30/2015,81624,73,09/30/2015 08:26:12,14,11
09/30/2015,81649,66,09/30/2015 08:26:13,14,11
09/30/2015,81722,50,09/30/2015 08:26:16,14,11
09/30/2015,81744,73,09/30/2015 08:26:17,14,11
09/30/2015,81776,50,09/30/2015 08:26:18,14,11
09/30/2015,81778,66,09/30/2015 08:26:18,14,11
09/30/2015,81808,50,09/30/2015 08:26:19,14,11
09/30/2015,81809,66,09/30/2015 08:26:19,14,11
09/30/2015,81841,66,09/30/2015 08:26:20,14,11
09/30/2015,81972,67,09/30/2015 08:26:25,14,11
09/30/2015,81986,66,09/30/2015 08:26:26,14,11
09/30/2015,81987,66,09/30/2015 08:26:26,14,11
09/30/2015,82120,50,09/30/2015 08:26:32,14,11
09/30/2015,82166,66,09/30/2015 08:26:34,14,11
09/30/2015,82236,66,09/30/2015 08:26:37,14,11
09/30/2015,82256,73,09/30/2015 08:26:38,14,11
09/30/2015,82257,73,09/30/2015 08:26:38,14,11
09/30/2015,82304,66,09/30/2015 08:26:40,14,11
09/30/2015,82326,66,09/30/2015 08:26:41,14,11
09/30/2015,82372,50,09/30/2015 08:26:43,14,11
09/30/2015,82373,50,09/30/2015 08:26:43,14,11
09/30/2015,82393,66,09/30/2015 08:26:44,14,11
09/30/2015,82413,59,09/30/2015 08:26:45,14,11
09/30/2015,82499,50,09/30/2015 08:26:49,14,11
09/30/2015,82603,66,09/30/2015 08:26:55,14,11
09/30/2015,82604,50,09/30/2015 08:26:55,14,11
09/30/2015,82979,66,09/30/2015 08:27:16,14,11
09/30/2015,61508,66,09/30/2015 08:02:10,14,29
09/30/2015,65137,66,09/30/2015 08:05:57,14,29
09/30/2015,65287,73,09/30/2015 08:06:07,14,29
09/30/2015,65327,66,09/30/2015 08:06:09,14,29
09/30/2015,65395,66,09/30/2015 08:06:13,14,29
09/30/2015,65683,66,09/30/2015 08:06:32,14,29
09/30/2015,78622,66,09/30/2015 08:23:03,14,29
09/30/2015,78761,73,09/30/2015 08:23:12,14,29
09/30/2015,79077,66,09/30/2015 08:23:30,14,29
09/30/2015,79346,50,09/30/2015 08:23:44,14,29
09/30/2015,79347,73,09/30/2015 08:23:44,14,29
09/30/2015,79367,73,09/30/2015 08:23:45,14,29
09/30/2015,79474,60,09/30/2015 08:23:50,14,29
09/30/2015,79721,73,09/30/2015 08:24:04,14,29
09/30/2015,79845,66,09/30/2015 08:24:12,14,29
09/30/2015,61434,66,09/30/2015 08:02:06,14,46
09/30/2015,61507,73,09/30/2015 08:02:10,14,46
09/30/2015,61740,66,09/30/2015 08:02:22,14,46
09/30/2015,62048,66,09/30/2015 08:02:38,14,46
09/30/2015,62223,66,09/30/2015 08:02:48,14,46
09/30/2015,71265,66,09/30/2015 08:13:44,14,46
09/30/2015,72414,66,09/30/2015 08:14:41,14,46
09/30/2015,74155,50,09/30/2015 08:16:32,14,46
09/30/2015,79447,66,09/30/2015 08:23:49,14,46
09/30/2015,61240,73,09/30/2015 08:01:54,14,35
09/30/2015,61339,66,09/30/2015 08:02:00,14,35
09/30/2015,61719,50,09/30/2015 08:02:21,14,35
09/30/2015,61925,68,09/30/2015 08:02:32,14,35
09/30/2015,71021,73,09/30/2015 08:13:32,14,35
09/30/2015,71022,73,09/30/2015 08:13:32,14,35
09/30/2015,71282,50,09/30/2015 08:13:45,14,35
09/30/2015,71387,73,09/30/2015 08:13:50,14,35
09/30/2015,71539,66,09/30/2015 08:13:58,14,35
09/30/2015,72008,73,09/30/2015 08:14:22,14,35
09/30/2015,79888,50,09/30/2015 08:24:15,14,35
09/30/2015,64779,50,09/30/2015 08:05:32,14,33
09/30/2015,64891,66,09/30/2015 08:05:40,14,33
09/30/2015,64957,73,09/30/2015 08:05:45,14,33
09/30/2015,65094,73,09/30/2015 08:05:54,14,33
09/30/2015,65095,66,09/30/2015 08:05:54,14,33
09/30/2015,65289,50,09/30/2015 08:06:07,14,33
09/30/2015,65394,50,09/30/2015 08:06:13,14,33
09/30/2015,66189,66,09/30/2015 08:07:10,14,33
09/30/2015,71223,73,09/30/2015 08:13:42,14,33
09/30/2015,71342,50,09/30/2015 08:13:48,14,33
09/30/2015,72242,73,09/30/2015 08:14:33,14,33
09/30/2015,72491,66,09/30/2015 08:14:45,14,33
09/30/2015,78379,50,09/30/2015 08:22:47,14,33
09/30/2015,78525,66,09/30/2015 08:22:57,14,33
09/30/2015,64973,66,09/30/2015 08:05:46,14,27
09/30/2015,65000,50,09/30/2015 08:05:48,14,27
09/30/2015,65039,66,09/30/2015 08:05:50,14,27
09/30/2015,65093,50,09/30/2015 08:05:54,14,27
09/30/2015,65121,50,09/30/2015 08:05:56,14,27
09/30/2015,65255,66,09/30/2015 08:06:05,14,27
09/30/2015,65272,66,09/30/2015 08:06:06,14,27
09/30/2015,65369,66,09/30/2015 08:06:11,14,27
09/30/2015,65379,66,09/30/2015 08:06:12,14,27
09/30/2015,65433,66,09/30/2015 08:06:15,14,27
09/30/2015,65524,50,09/30/2015 08:06:21,14,27
09/30/2015,65562,50,09/30/2015 08:06:23,14,27
09/30/2015,65574,50,09/30/2015 08:06:24,14,27
09/30/2015,65793,73,09/30/2015 08:06:41,14,27
09/30/2015,65872,66,09/30/2015 08:06:47,14,27
09/30/2015,78408,73,09/30/2015 08:22:49,14,27
09/30/2015,78623,73,09/30/2015 08:23:03,14,27
09/30/2015,78809,73,09/30/2015 08:23:15,14,27
09/30/2015,78837,66,09/30/2015 08:23:17,14,27
09/30/2015,78892,50,09/30/2015 08:23:21,14,27
09/30/2015,78909,50,09/30/2015 08:23:22,14,27
09/30/2015,78928,73,09/30/2015 08:23:23,14,27
09/30/2015,79325,73,09/30/2015 08:23:43,14,27
09/30/2015,79369,73,09/30/2015 08:23:45,14,27
09/30/2015,79393,66,09/30/2015 08:23:46,14,27
09/30/2015,79513,66,09/30/2015 08:23:52,14,27
09/30/2015,79530,73,09/30/2015 08:23:53,14,27
09/30/2015,79564,50,09/30/2015 08:23:55,14,27
09/30/2015,79798,50,09/30/2015 08:24:09,14,27
09/30/2015,64903,50,09/30/2015 08:05:41,14,20
09/30/2015,65139,66,09/30/2015 08:05:57,14,20
09/30/2015,65260,73,09/30/2015 08:06:05,14,20
09/30/2015,65526,66,09/30/2015 08:06:21,14,20
09/30/2015,65670,50,09/30/2015 08:06:31,14,20
09/30/2015,65684,66,09/30/2015 08:06:32,14,20
09/30/2015,65938,66,09/30/2015 08:06:51,14,20
09/30/2015,65962,73,09/30/2015 08:06:52,14,20
09/30/2015,66358,53,09/30/2015 08:07:23,14,20
09/30/2015,78500,68,09/30/2015 08:22:56,14,20
09/30/2015,78542,73,09/30/2015 08:22:58,14,20
09/30/2015,78606,66,09/30/2015 08:23:02,14,20
09/30/2015,78651,66,09/30/2015 08:23:05,14,20
09/30/2015,78861,66,09/30/2015 08:23:19,14,20
09/30/2015,79755,50,09/30/2015 08:24:06,14,20
09/30/2015,79756,66,09/30/2015 08:24:06,14,20
09/30/2015,79847,73,09/30/2015 08:24:12,14,20
09/30/2015,79925,50,09/30/2015 08:24:17,14,20
09/30/2015,65184,50,09/30/2015 08:06:00,14,39
09/30/2015,65498,59,09/30/2015 08:06:19,14,39
09/30/2015,71202,66,09/30/2015 08:13:41,14,39
09/30/2015,71459,66,09/30/2015 08:13:54,14,39
09/30/2015,71480,50,09/30/2015 08:13:55,14,39
09/30/2015,71541,66,09/30/2015 08:13:58,14,39
09/30/2015,72431,50,09/30/2015 08:14:42,14,39
09/30/2015,72643,50,09/30/2015 08:14:52,14,39
09/30/2015,73332,66,09/30/2015 08:15:30,14,39
09/30/2015,79097,66,09/30/2015 08:23:31,14,39
09/30/2015,79129,50,09/30/2015 08:23:33,14,39
09/30/2015,79368,66,09/30/2015 08:23:45,14,39
09/30/2015,80187,66,09/30/2015 08:24:39,14,39
09/30/2015,61226,50,09/30/2015 08:01:53,14,16
09/30/2015,61305,66,09/30/2015 08:01:58,14,16
09/30/2015,61338,73,09/30/2015 08:02:00,14,16
09/30/2015,61452,50,09/30/2015 08:02:07,14,16
09/30/2015,61493,66,09/30/2015 08:02:09,14,16
09/30/2015,61635,50,09/30/2015 08:02:17,14,16
09/30/2015,61678,50,09/30/2015 08:02:19,14,16
09/30/2015,61826,50,09/30/2015 08:02:26,14,16
09/30/2015,61909,59,09/30/2015 08:02:31,14,16
09/30/2015,61926,68,09/30/2015 08:02:32,14,16
09/30/2015,61985,50,09/30/2015 08:02:35,14,16
09/30/2015,62005,66,09/30/2015 08:02:36,14,16
09/30/2015,62171,50,09/30/2015 08:02:45,14,16
09/30/2015,62489,66,09/30/2015 08:03:03,14,16
09/30/2015,63538,50,09/30/2015 08:04:04,14,16
09/30/2015,64854,66,09/30/2015 08:05:38,14,16
09/30/2015,64984,66,09/30/2015 08:05:47,14,16
09/30/2015,64985,66,09/30/2015 08:05:47,14,16
09/30/2015,65022,50,09/30/2015 08:05:49,14,16
09/30/2015,65040,66,09/30/2015 08:05:50,14,16
09/30/2015,65185,66,09/30/2015 08:06:00,14,16
09/30/2015,65478,53,09/30/2015 08:06:18,14,16
09/30/2015,65497,50,09/30/2015 08:06:19,14,16
09/30/2015,65550,69,09/30/2015 08:06:22,14,16
09/30/2015,65560,50,09/30/2015 08:06:23,14,16
09/30/2015,65742,50,09/30/2015 08:06:37,14,16
09/30/2015,65871,50,09/30/2015 08:06:47,14,16
09/30/2015,71168,73,09/30/2015 08:13:39,14,16
09/30/2015,71564,50,09/30/2015 08:14:00,14,16
09/30/2015,72121,50,09/30/2015 08:14:27,14,16
09/30/2015,72194,50,09/30/2015 08:14:31,14,16
09/30/2015,72244,50,09/30/2015 08:14:33,14,16
09/30/2015,72286,50,09/30/2015 08:14:35,14,16
09/30/2015,72289,73,09/30/2015 08:14:35,14,16
09/30/2015,72347,50,09/30/2015 08:14:38,14,16
09/30/2015,72915,66,09/30/2015 08:15:05,14,16
09/30/2015,78490,66,09/30/2015 08:22:55,14,16
09/30/2015,78604,59,09/30/2015 08:23:02,14,16
09/30/2015,78607,66,09/30/2015 08:23:02,14,16
09/30/2015,78624,50,09/30/2015 08:23:03,14,16
09/30/2015,78625,66,09/30/2015 08:23:03,14,16
09/30/2015,78653,50,09/30/2015 08:23:05,14,16
09/30/2015,78669,66,09/30/2015 08:23:06,14,16
09/30/2015,78879,66,09/30/2015 08:23:20,14,16
09/30/2015,78964,50,09/30/2015 08:23:25,14,16
09/30/2015,79205,50,09/30/2015 08:23:37,14,16
09/30/2015,79473,50,09/30/2015 08:23:50,14,16
09/30/2015,79563,66,09/30/2015 08:23:55,14,16
09/30/2015,79625,50,09/30/2015 08:23:58,14,16
09/30/2015,64778,73,09/30/2015 08:05:32,14,22
09/30/2015,65017,59,09/30/2015 08:05:49,14,22
09/30/2015,65058,50,09/30/2015 08:05:51,14,22
09/30/2015,65138,73,09/30/2015 08:05:57,14,22
09/30/2015,65257,50,09/30/2015 08:06:05,14,22
09/30/2015,65258,50,09/30/2015 08:06:05,14,22
09/30/2015,65414,50,09/30/2015 08:06:14,14,22
09/30/2015,65450,66,09/30/2015 08:06:16,14,22
09/30/2015,65645,50,09/30/2015 08:06:29,14,22
09/30/2015,65791,50,09/30/2015 08:06:41,14,22
09/30/2015,78465,73,09/30/2015 08:22:53,14,22
09/30/2015,78650,66,09/30/2015 08:23:05,14,22
09/30/2015,78652,60,09/30/2015 08:23:05,14,22
09/30/2015,78714,73,09/30/2015 08:23:09,14,22
09/30/2015,78763,66,09/30/2015 08:23:12,14,22
09/30/2015,78764,66,09/30/2015 08:23:12,14,22
09/30/2015,78807,50,09/30/2015 08:23:15,14,22
09/30/2015,78862,66,09/30/2015 08:23:19,14,22
09/30/2015,79149,66,09/30/2015 08:23:34,14,22
09/30/2015,79181,66,09/30/2015 08:23:36,14,22
09/30/2015,79204,73,09/30/2015 08:23:37,14,22
09/30/2015,79225,66,09/30/2015 08:23:38,14,22
09/30/2015,79561,66,09/30/2015 08:23:55,14,22
09/30/2015,79641,73,09/30/2015 08:23:59,14,22
09/30/2015,79735,73,09/30/2015 08:24:05,14,22
09/30/2015,61739,50,09/30/2015 08:02:22,14,32
09/30/2015,71365,50,09/30/2015 08:13:49,14,32
09/30/2015,72449,66,09/30/2015 08:14:43,14,32
09/30/2015,72931,73,09/30/2015 08:15:06,14,32
09/30/2015,61471,73,09/30/2015 08:02:08,14,8
09/30/2015,62049,50,09/30/2015 08:02:38,14,8
09/30/2015,71643,66,09/30/2015 08:14:04,14,8
09/30/2015,71645,66,09/30/2015 08:14:04,14,8
09/30/2015,72195,50,09/30/2015 08:14:31,14,8
09/30/2015,72346,73,09/30/2015 08:14:38,14,8
09/30/2015,72553,73,09/30/2015 08:14:48,14,8
09/30/2015,61759,69,09/30/2015 08:02:23,14,30
09/30/2015,64853,69,09/30/2015 08:05:38,14,30
09/30/2015,64869,73,09/30/2015 08:05:39,14,30
09/30/2015,64920,73,09/30/2015 08:05:42,14,30
09/30/2015,65016,73,09/30/2015 08:05:49,14,30
09/30/2015,65056,66,09/30/2015 08:05:51,14,30
09/30/2015,65168,73,09/30/2015 08:05:59,14,30
09/30/2015,65239,73,09/30/2015 08:06:04,14,30
09/30/2015,65256,50,09/30/2015 08:06:05,14,30
09/30/2015,65342,50,09/30/2015 08:06:10,14,30
09/30/2015,65435,50,09/30/2015 08:06:15,14,30
09/30/2015,65685,50,09/30/2015 08:06:32,14,30
09/30/2015,66307,50,09/30/2015 08:07:19,14,30
09/30/2015,66322,50,09/30/2015 08:07:20,14,30
09/30/2015,72642,50,09/30/2015 08:14:52,14,30
09/30/2015,78409,66,09/30/2015 08:22:49,14,30
09/30/2015,78863,66,09/30/2015 08:23:19,14,30
09/30/2015,78908,73,09/30/2015 08:23:22,14,30
09/30/2015,79114,50,09/30/2015 08:23:32,14,30
09/30/2015,79130,66,09/30/2015 08:23:33,14,30
09/30/2015,79261,66,09/30/2015 08:23:40,14,30
09/30/2015,79475,69,09/30/2015 08:23:50,14,30
09/30/2015,79846,50,09/30/2015 08:24:12,14,30
09/30/2015,61717,68,09/30/2015 08:02:21,14,5
09/30/2015,61761,50,09/30/2015 08:02:23,14,5
09/30/2015,73166,73,09/30/2015 08:15:20,14,5
09/30/2015,79183,66,09/30/2015 08:23:36,14,5
09/30/2015,61268,66,09/30/2015 08:01:56,14,17
09/30/2015,61398,66,09/30/2015 08:02:04,14,17
09/30/2015,61400,66,09/30/2015 08:02:04,14,17
09/30/2015,61566,66,09/30/2015 08:02:13,14,17
09/30/2015,64812,66,09/30/2015 08:05:35,14,23
09/30/2015,64958,50,09/30/2015 08:05:45,14,23
09/30/2015,65122,73,09/30/2015 08:05:56,14,17
09/30/2015,65124,50,09/30/2015 08:05:56,14,17
09/30/2015,65221,50,09/30/2015 08:06:02,14,17
09/30/2015,65271,66,09/30/2015 08:06:06,14,23
09/30/2015,65306,50,09/30/2015 08:06:08,14,23
09/30/2015,65329,73,09/30/2015 08:06:09,14,23
09/30/2015,65393,50,09/30/2015 08:06:13,14,23
09/30/2015,65434,50,09/30/2015 08:06:15,14,17
09/30/2015,65496,50,09/30/2015 08:06:19,14,23
09/30/2015,65500,50,09/30/2015 08:06:19,14,23
09/30/2015,65527,66,09/30/2015 08:06:21,14,17
09/30/2015,65559,73,09/30/2015 08:06:23,14,17
09/30/2015,65588,66,09/30/2015 08:06:25,14,17
09/30/2015,65819,68,09/30/2015 08:06:43,14,23
09/30/2015,65956,50,09/30/2015 08:06:52,14,23
09/30/2015,70916,73,09/30/2015 08:13:26,14,17
09/30/2015,70962,66,09/30/2015 08:13:29,14,17
09/30/2015,70982,66,09/30/2015 08:13:30,14,17
09/30/2015,71147,66,09/30/2015 08:13:38,14,17
09/30/2015,71678,69,09/30/2015 08:14:06,14,17
09/30/2015,71807,59,09/30/2015 08:14:12,14,17
09/30/2015,71987,66,09/30/2015 08:14:21,14,17
09/30/2015,72594,66,09/30/2015 08:14:50,14,17
09/30/2015,72656,66,09/30/2015 08:14:53,14,17
09/30/2015,72692,50,09/30/2015 08:14:54,14,17
09/30/2015,78356,66,09/30/2015 08:22:45,14,17
09/30/2015,78543,66,09/30/2015 08:22:58,14,17
09/30/2015,78667,66,09/30/2015 08:23:06,14,23
09/30/2015,78716,66,09/30/2015 08:23:09,14,17
09/30/2015,78963,73,09/30/2015 08:23:25,14,23
09/30/2015,78991,66,09/30/2015 08:23:26,14,23
09/30/2015,79054,50,09/30/2015 08:23:29,14,23
09/30/2015,79080,66,09/30/2015 08:23:30,14,23
09/30/2015,79098,50,09/30/2015 08:23:31,14,23
09/30/2015,79182,66,09/30/2015 08:23:36,14,23
09/30/2015,79527,50,09/30/2015 08:23:53,14,23
09/30/2015,79611,66,09/30/2015 08:23:57,14,17
09/30/2015,79772,50,09/30/2015 08:24:07,14,23
09/30/2015,61176,73,09/30/2015 08:01:50,14,44
09/30/2015,61322,66,09/30/2015 08:01:59,14,44
09/30/2015,61431,66,09/30/2015 08:02:06,14,44
09/30/2015,61699,66,09/30/2015 08:02:20,14,44
09/30/2015,61807,66,09/30/2015 08:02:25,14,44
09/30/2015,62006,73,09/30/2015 08:02:36,14,44
09/30/2015,62631,50,09/30/2015 08:03:11,14,44
09/30/2015,71126,66,09/30/2015 08:13:37,14,44
09/30/2015,71128,50,09/30/2015 08:13:37,14,44
09/30/2015,71402,73,09/30/2015 08:13:51,14,44
09/30/2015,71954,66,09/30/2015 08:14:19,14,44
09/30/2015,72961,73,09/30/2015 08:15:08,14,44
09/30/2015,78907,50,09/30/2015 08:23:22,14,44
09/30/2015,79099,73,09/30/2015 08:23:31,14,44
09/30/2015,64928,66,09/30/2015 08:05:43,14,19
09/30/2015,65646,59,09/30/2015 08:06:29,14,19
09/30/2015,65989,66,09/30/2015 08:06:54,14,19
09/30/2015,78541,50,09/30/2015 08:22:58,14,19
09/30/2015,78589,66,09/30/2015 08:23:01,14,19
09/30/2015,78668,73,09/30/2015 08:23:06,14,19
09/30/2015,78824,66,09/30/2015 08:23:16,14,19
09/30/2015,79226,66,09/30/2015 08:23:38,14,19
09/30/2015,79562,66,09/30/2015 08:23:55,14,19
09/30/2015,80535,73,09/30/2015 08:25:09,14,19
09/30/2015,61432,66,09/30/2015 08:02:06,14,38
09/30/2015,65071,66,09/30/2015 08:05:52,14,38
09/30/2015,71421,66,09/30/2015 08:13:52,14,38
09/30/2015,61241,66,09/30/2015 08:01:54,14,15
09/30/2015,61362,50,09/30/2015 08:02:02,14,15
09/30/2015,61526,66,09/30/2015 08:02:11,14,15
09/30/2015,61527,66,09/30/2015 08:02:11,14,15
09/30/2015,61567,66,09/30/2015 08:02:13,14,15
09/30/2015,61783,66,09/30/2015 08:02:24,14,15
09/30/2015,61878,50,09/30/2015 08:02:29,14,15
09/30/2015,61924,50,09/30/2015 08:02:32,14,15
09/30/2015,61964,50,09/30/2015 08:02:34,14,15
09/30/2015,62758,50,09/30/2015 08:03:19,14,15
09/30/2015,64868,66,09/30/2015 08:05:39,14,15
09/30/2015,64892,50,09/30/2015 08:05:40,14,15
09/30/2015,64943,50,09/30/2015 08:05:44,14,15
09/30/2015,64944,50,09/30/2015 08:05:44,14,15
09/30/2015,65368,50,09/30/2015 08:06:11,14,15
09/30/2015,70945,50,09/30/2015 08:13:28,14,15
09/30/2015,71020,66,09/30/2015 08:13:32,14,15
09/30/2015,71240,66,09/30/2015 08:13:43,14,15
09/30/2015,71323,66,09/30/2015 08:13:47,14,15
09/30/2015,71380,50,09/30/2015 08:13:50,14,15
09/30/2015,71420,50,09/30/2015 08:13:52,14,15
09/30/2015,71538,50,09/30/2015 08:13:58,14,15
09/30/2015,71827,66,09/30/2015 08:14:13,14,15
09/30/2015,71971,59,09/30/2015 08:14:20,14,15
09/30/2015,71972,50,09/30/2015 08:14:20,14,15
09/30/2015,72038,50,09/30/2015 08:14:23,14,15
09/30/2015,72472,50,09/30/2015 08:14:44,14,15
09/30/2015,72535,50,09/30/2015 08:14:47,14,15
09/30/2015,78398,66,09/30/2015 08:22:48,14,15
09/30/2015,78499,50,09/30/2015 08:22:56,14,15
09/30/2015,78554,50,09/30/2015 08:22:59,14,15
09/30/2015,78556,73,09/30/2015 08:22:59,14,15
09/30/2015,78576,50,09/30/2015 08:23:00,14,15
09/30/2015,78591,50,09/30/2015 08:23:01,14,15
09/30/2015,78696,68,09/30/2015 08:23:08,14,15
09/30/2015,78715,66,09/30/2015 08:23:09,14,15
09/30/2015,78808,66,09/30/2015 08:23:15,14,15
09/30/2015,78848,50,09/30/2015 08:23:18,14,15
09/30/2015,78849,50,09/30/2015 08:23:18,14,15
09/30/2015,78906,73,09/30/2015 08:23:22,14,15
09/30/2015,79238,66,09/30/2015 08:23:39,14,15
09/30/2015,79529,66,09/30/2015 08:23:53,14,15
09/30/2015,81945,66,09/30/2015 08:26:24,14,15
09/30/2015,62802,73,09/30/2015 08:03:22,14,12
09/30/2015,62878,73,09/30/2015 08:03:26,14,12
09/30/2015,62899,50,09/30/2015 08:03:27,14,12
09/30/2015,62936,68,09/30/2015 08:03:29,14,12
09/30/2015,62962,66,09/30/2015 08:03:30,14,12
09/30/2015,63012,50,09/30/2015 08:03:33,14,12
09/30/2015,63035,50,09/30/2015 08:03:34,14,12
09/30/2015,63205,66,09/30/2015 08:03:43,14,12
09/30/2015,63224,66,09/30/2015 08:03:44,14,12
09/30/2015,63240,66,09/30/2015 08:03:45,14,12
09/30/2015,63242,66,09/30/2015 08:03:45,14,12
09/30/2015,63312,50,09/30/2015 08:03:49,14,12
09/30/2015,63329,50,09/30/2015 08:03:50,14,12
09/30/2015,63330,50,09/30/2015 08:03:50,14,12
09/30/2015,63347,73,09/30/2015 08:03:51,14,12
09/30/2015,63379,68,09/30/2015 08:03:53,14,12
09/30/2015,63427,66,09/30/2015 08:03:56,14,12
09/30/2015,63516,66,09/30/2015 08:04:02,14,12
09/30/2015,63633,66,09/30/2015 08:04:13,14,12
09/30/2015,63683,66,09/30/2015 08:04:18,14,12
09/30/2015,63812,50,09/30/2015 08:04:30,14,12
09/30/2015,71130,50,09/30/2015 08:13:37,14,12
09/30/2015,71281,66,09/30/2015 08:13:45,14,12
09/30/2015,71381,73,09/30/2015 08:13:50,14,12
09/30/2015,71398,68,09/30/2015 08:13:51,14,12
09/30/2015,71399,50,09/30/2015 08:13:51,14,12
09/30/2015,71505,50,09/30/2015 08:13:56,14,12
09/30/2015,71562,66,09/30/2015 08:14:00,14,12
09/30/2015,71696,53,09/30/2015 08:14:07,14,12
09/30/2015,71721,66,09/30/2015 08:14:08,14,12
09/30/2015,71737,53,09/30/2015 08:14:09,14,12
09/30/2015,71785,100,09/30/2015 08:14:11,14,12
09/30/2015,71806,66,09/30/2015 08:14:12,14,12
09/30/2015,71872,50,09/30/2015 08:14:15,14,12
09/30/2015,71873,59,09/30/2015 08:14:15,14,12
09/30/2015,71953,73,09/30/2015 08:14:19,14,12
09/30/2015,71955,66,09/30/2015 08:14:19,14,12
09/30/2015,71957,50,09/30/2015 08:14:19,14,12
09/30/2015,72006,50,09/30/2015 08:14:22,14,12
09/30/2015,72061,73,09/30/2015 08:14:24,14,12
09/30/2015,72100,59,09/30/2015 08:14:26,14,12
09/30/2015,72123,50,09/30/2015 08:14:27,14,12
09/30/2015,72152,66,09/30/2015 08:14:29,14,12
09/30/2015,72386,66,09/30/2015 08:14:40,14,12
09/30/2015,72411,66,09/30/2015 08:14:41,14,12
09/30/2015,72474,50,09/30/2015 08:14:44,14,12
09/30/2015,72511,68,09/30/2015 08:14:46,14,12
09/30/2015,72657,66,09/30/2015 08:14:53,14,12
09/30/2015,72755,66,09/30/2015 08:14:57,14,12
09/30/2015,72792,50,09/30/2015 08:14:59,14,12
09/30/2015,72837,50,09/30/2015 08:15:01,14,12
09/30/2015,72838,66,09/30/2015 08:15:01,14,12
09/30/2015,72946,66,09/30/2015 08:15:07,14,12
09/30/2015,72971,50,09/30/2015 08:15:09,14,12
09/30/2015,76006,66,09/30/2015 08:19:27,14,12
09/30/2015,76025,66,09/30/2015 08:19:29,14,12
09/30/2015,76044,66,09/30/2015 08:19:31,14,12
09/30/2015,76102,73,09/30/2015 08:19:37,14,12
09/30/2015,76115,73,09/30/2015 08:19:39,14,12
09/30/2015,76117,50,09/30/2015 08:19:39,14,12
09/30/2015,76138,50,09/30/2015 08:19:42,14,12
09/30/2015,76139,73,09/30/2015 08:19:42,14,12
09/30/2015,76145,50,09/30/2015 08:19:43,14,12
09/30/2015,76166,73,09/30/2015 08:19:45,14,12
09/30/2015,76182,73,09/30/2015 08:19:46,14,12
09/30/2015,76214,50,09/30/2015 08:19:49,14,12
09/30/2015,76273,66,09/30/2015 08:19:54,14,12
09/30/2015,76284,66,09/30/2015 08:19:55,14,12
09/30/2015,76305,66,09/30/2015 08:19:57,14,12
09/30/2015,76320,50,09/30/2015 08:19:58,14,12
09/30/2015,76343,73,09/30/2015 08:20:00,14,12
09/30/2015,76358,50,09/30/2015 08:20:01,14,12
09/30/2015,76385,50,09/30/2015 08:20:04,14,12
09/30/2015,76403,50,09/30/2015 08:20:05,14,12
09/30/2015,76466,66,09/30/2015 08:20:11,14,12
09/30/2015,76608,67,09/30/2015 08:20:24,14,12
09/30/2015,76689,59,09/30/2015 08:20:31,14,12
09/30/2015,76703,59,09/30/2015 08:20:32,14,12
09/30/2015,81454,50,09/30/2015 08:26:05,14,12
09/30/2015,81524,73,09/30/2015 08:26:08,14,12
09/30/2015,81576,66,09/30/2015 08:26:10,14,12
09/30/2015,81577,68,09/30/2015 08:26:10,14,12
09/30/2015,81625,50,09/30/2015 08:26:12,14,12
09/30/2015,81648,50,09/30/2015 08:26:13,14,12
09/30/2015,81675,50,09/30/2015 08:26:14,14,12
09/30/2015,81694,66,09/30/2015 08:26:15,14,12
09/30/2015,81777,50,09/30/2015 08:26:18,14,12
09/30/2015,81813,66,09/30/2015 08:26:19,14,12
09/30/2015,81892,73,09/30/2015 08:26:22,14,12
09/30/2015,81897,66,09/30/2015 08:26:22,14,12
09/30/2015,82038,50,09/30/2015 08:26:28,14,12
09/30/2015,82121,66,09/30/2015 08:26:32,14,12
09/30/2015,82167,59,09/30/2015 08:26:34,14,12
09/30/2015,82207,66,09/30/2015 08:26:36,14,12
09/30/2015,82235,50,09/30/2015 08:26:37,14,12
09/30/2015,82371,50,09/30/2015 08:26:43,14,12
09/30/2015,82508,69,09/30/2015 08:26:50,14,12
09/30/2015,82582,73,09/30/2015 08:26:54,14,12
09/30/2015,82862,68,09/30/2015 08:27:10,14,12
09/30/2015,83067,66,09/30/2015 08:27:21,14,12
09/30/2015,83453,66,09/30/2015 08:27:40,14,12
09/30/2015,83553,73,09/30/2015 08:27:45,14,12
09/30/2015,84211,73,09/30/2015 08:28:22,14,12
09/30/2015,61242,73,09/30/2015 08:01:54,14,18
09/30/2015,61363,66,09/30/2015 08:02:02,14,18
09/30/2015,61675,50,09/30/2015 08:02:19,14,18
09/30/2015,61805,73,09/30/2015 08:02:25,14,18
09/30/2015,61806,50,09/30/2015 08:02:25,14,18
09/30/2015,61808,66,09/30/2015 08:02:25,14,18
09/30/2015,61891,50,09/30/2015 08:02:30,14,18
09/30/2015,64929,50,09/30/2015 08:05:43,14,18
09/30/2015,65106,66,09/30/2015 08:05:55,14,18
09/30/2015,65156,67,09/30/2015 08:05:58,14,18
09/30/2015,65188,50,09/30/2015 08:06:00,14,18
09/30/2015,65220,50,09/30/2015 08:06:02,14,18
09/30/2015,65234,66,09/30/2015 08:06:03,14,18
09/30/2015,65501,50,09/30/2015 08:06:19,14,18
09/30/2015,65832,50,09/30/2015 08:06:44,14,18
09/30/2015,65955,53,09/30/2015 08:06:52,14,18
09/30/2015,70981,66,09/30/2015 08:13:30,14,18
09/30/2015,71061,66,09/30/2015 08:13:34,14,18
09/30/2015,71563,69,09/30/2015 08:14:00,14,18
09/30/2015,71604,66,09/30/2015 08:14:02,14,18
09/30/2015,71677,50,09/30/2015 08:14:06,14,18
09/30/2015,71781,73,09/30/2015 08:14:11,14,18
09/30/2015,71874,50,09/30/2015 08:14:15,14,18
09/30/2015,72013,73,09/30/2015 08:14:22,14,18
09/30/2015,72037,66,09/30/2015 08:14:23,14,18
09/30/2015,72059,73,09/30/2015 08:14:24,14,18
09/30/2015,72392,50,09/30/2015 08:14:40,14,18
09/30/2015,72473,73,09/30/2015 08:14:44,14,18
09/30/2015,72621,50,09/30/2015 08:14:51,14,18
09/30/2015,72658,50,09/30/2015 08:14:53,14,18
09/30/2015,72853,50,09/30/2015 08:15:02,14,18
09/30/2015,73722,53,09/30/2015 08:16:00,14,18
09/30/2015,78410,66,09/30/2015 08:22:49,14,18
09/30/2015,78452,50,09/30/2015 08:22:52,14,18
09/30/2015,78941,66,09/30/2015 08:23:24,14,18
09/30/2015,79055,50,09/30/2015 08:23:29,14,18
09/30/2015,79164,73,09/30/2015 08:23:35,14,18
09/30/2015,79224,66,09/30/2015 08:23:38,14,18
09/30/2015,79528,60,09/30/2015 08:23:53,14,18
09/30/2015,79678,66,09/30/2015 08:24:01,14,18
09/30/2015,61284,66,09/30/2015 08:01:57,14,43
09/30/2015,61304,73,09/30/2015 08:01:58,14,43
09/30/2015,61399,66,09/30/2015 08:02:04,14,43
09/30/2015,61433,66,09/30/2015 08:02:06,14,43
09/30/2015,61453,66,09/30/2015 08:02:07,14,43
09/30/2015,61601,66,09/30/2015 08:02:15,14,43
09/30/2015,61620,66,09/30/2015 08:02:16,14,43
09/30/2015,61636,73,09/30/2015 08:02:17,14,43
09/30/2015,61723,66,09/30/2015 08:02:21,14,43
09/30/2015,62367,50,09/30/2015 08:02:56,14,43
09/30/2015,62842,50,09/30/2015 08:03:24,14,43
09/30/2015,71127,66,09/30/2015 08:13:37,14,43
09/30/2015,71145,66,09/30/2015 08:13:38,14,43
09/30/2015,71284,73,09/30/2015 08:13:45,14,43
09/30/2015,71301,73,09/30/2015 08:13:46,14,43
09/30/2015,71565,66,09/30/2015 08:14:00,14,43
09/30/2015,71605,73,09/30/2015 08:14:02,14,43
09/30/2015,71826,50,09/30/2015 08:14:13,14,43
09/30/2015,71909,66,09/30/2015 08:14:17,14,43
09/30/2015,72007,66,09/30/2015 08:14:22,14,43
09/30/2015,72137,66,09/30/2015 08:14:28,14,43
09/30/2015,72263,59,09/30/2015 08:14:34,14,43
09/30/2015,72327,66,09/30/2015 08:14:37,14,43
09/30/2015,72361,69,09/30/2015 08:14:39,14,43
09/30/2015,72595,73,09/30/2015 08:14:50,14,43
09/30/2015,72736,66,09/30/2015 08:14:56,14,43
09/30/2015,73207,66,09/30/2015 08:15:22,14,43
09/30/2015,78641,66,09/30/2015 08:23:04,14,43
09/30/2015,78826,73,09/30/2015 08:23:16,14,43
09/30/2015,79017,66,09/30/2015 08:23:27,14,43
09/30/2015,79227,66,09/30/2015 08:23:38,14,43
09/30/2015,82432,66,09/30/2015 08:26:46,14,43
09/30/2015,64745,66,09/30/2015 08:05:30,14,24
09/30/2015,64852,66,09/30/2015 08:05:38,14,24
09/30/2015,65055,66,09/30/2015 08:05:51,14,24
09/30/2015,65183,50,09/30/2015 08:06:00,14,24
09/30/2015,65499,66,09/30/2015 08:06:19,14,24
09/30/2015,65619,73,09/30/2015 08:06:27,14,24
09/30/2015,65621,50,09/30/2015 08:06:27,14,24
09/30/2015,65741,59,09/30/2015 08:06:37,14,24
09/30/2015,65858,50,09/30/2015 08:06:46,14,24
09/30/2015,65988,66,09/30/2015 08:06:54,14,24
09/30/2015,66032,66,09/30/2015 08:06:58,14,24
09/30/2015,78640,66,09/30/2015 08:23:04,14,24
09/30/2015,78782,69,09/30/2015 08:23:13,14,24
09/30/2015,61528,73,09/30/2015 08:02:11,14,36
09/30/2015,61760,50,09/30/2015 08:02:23,14,36
09/30/2015,64763,73,09/30/2015 08:05:31,14,36
09/30/2015,64956,66,09/30/2015 08:05:45,14,36
09/30/2015,65776,59,09/30/2015 08:06:40,14,36
09/30/2015,70946,73,09/30/2015 08:13:28,14,36
09/30/2015,71780,50,09/30/2015 08:14:11,14,36
09/30/2015,72756,66,09/30/2015 08:14:57,14,36
09/30/2015,64838,50,09/30/2015 08:05:37,14,21
09/30/2015,65082,50,09/30/2015 08:05:53,14,21
09/30/2015,65123,50,09/30/2015 08:05:56,14,21
09/30/2015,65202,66,09/30/2015 08:06:01,14,21
09/30/2015,65203,50,09/30/2015 08:06:01,14,21
09/30/2015,65233,66,09/30/2015 08:06:03,14,21
09/30/2015,65288,66,09/30/2015 08:06:07,14,21
09/30/2015,65380,66,09/30/2015 08:06:12,14,21
09/30/2015,65397,69,09/30/2015 08:06:13,14,21
09/30/2015,65467,59,09/30/2015 08:06:17,14,21
09/30/2015,65622,50,09/30/2015 08:06:27,14,21
09/30/2015,66065,69,09/30/2015 08:07:00,14,21
09/30/2015,78590,66,09/30/2015 08:23:01,14,21
09/30/2015,78781,73,09/30/2015 08:23:13,14,21
09/30/2015,78797,66,09/30/2015 08:23:14,14,21
09/30/2015,78798,66,09/30/2015 08:23:14,14,21
09/30/2015,78942,50,09/30/2015 08:23:24,14,21
09/30/2015,78962,50,09/30/2015 08:23:25,14,21
09/30/2015,78965,66,09/30/2015 08:23:25,14,21
09/30/2015,78990,66,09/30/2015 08:23:26,14,21
09/30/2015,79128,53,09/30/2015 08:23:33,14,21
09/30/2015,79162,66,09/30/2015 08:23:35,14,21
09/30/2015,79284,50,09/30/2015 08:23:41,14,21
09/30/2015,79326,59,09/30/2015 08:23:43,14,21
09/30/2015,79394,50,09/30/2015 08:23:46,14,21
09/30/2015,79906,59,09/30/2015 08:24:16,14,21
09/30/2015,79947,50,09/30/2015 08:24:19,14,21
09/30/2015,80003,66,09/30/2015 08:24:23,14,21
09/30/2015,80119,66,09/30/2015 08:24:32,14,21
09/30/2015,80589,50,09/30/2015 08:25:13,14,21
09/30/2015,64999,50,09/30/2015 08:05:48,14,26
09/30/2015,65038,50,09/30/2015 08:05:50,14,26
09/30/2015,65240,50,09/30/2015 08:06:04,14,26
09/30/2015,65341,50,09/30/2015 08:06:10,14,26
09/30/2015,65451,50,09/30/2015 08:06:16,14,26
09/30/2015,65466,50,09/30/2015 08:06:17,14,26
09/30/2015,65477,73,09/30/2015 08:06:18,14,26
09/30/2015,65528,66,09/30/2015 08:06:21,14,26
09/30/2015,65561,73,09/30/2015 08:06:23,14,26
09/30/2015,65575,50,09/30/2015 08:06:24,14,26
09/30/2015,65818,73,09/30/2015 08:06:43,14,26
09/30/2015,65888,66,09/30/2015 08:06:48,14,26
09/30/2015,78313,66,09/30/2015 08:22:42,14,26
09/30/2015,78670,66,09/30/2015 08:23:06,14,26
09/30/2015,78697,66,09/30/2015 08:23:08,14,26
09/30/2015,79078,69,09/30/2015 08:23:30,14,26
09/30/2015,80188,66,09/30/2015 08:24:39,14,26
09/30/2015,62863,66,09/30/2015 08:03:25,14,10
09/30/2015,63011,50,09/30/2015 08:03:33,14,10
09/30/2015,63034,69,09/30/2015 08:03:34,14,10
09/30/2015,63051,50,09/30/2015 08:03:35,14,10
09/30/2015,63139,73,09/30/2015 08:03:39,14,10
09/30/2015,63207,50,09/30/2015 08:03:43,14,10
09/30/2015,63261,66,09/30/2015 08:03:46,14,10
09/30/2015,63272,68,09/30/2015 08:03:47,14,10
09/30/2015,63457,50,09/30/2015 08:03:58,14,10
09/30/2015,63471,50,09/30/2015 08:03:59,14,10
09/30/2015,63486,66,09/30/2015 08:04:00,14,10
09/30/2015,63651,66,09/30/2015 08:04:14,14,10
09/30/2015,71264,59,09/30/2015 08:13:44,14,10
09/30/2015,71283,50,09/30/2015 08:13:45,14,10
09/30/2015,71524,50,09/30/2015 08:13:57,14,10
09/30/2015,71582,50,09/30/2015 08:14:01,14,10
09/30/2015,71623,73,09/30/2015 08:14:03,14,10
09/30/2015,71642,50,09/30/2015 08:14:04,14,10
09/30/2015,71847,59,09/30/2015 08:14:14,14,10
09/30/2015,71848,50,09/30/2015 08:14:14,14,10
09/30/2015,71928,50,09/30/2015 08:14:18,14,10
09/30/2015,71988,50,09/30/2015 08:14:21,14,10
09/30/2015,72009,50,09/30/2015 08:14:22,14,10
09/30/2015,72062,66,09/30/2015 08:14:24,14,10
09/30/2015,72576,50,09/30/2015 08:14:49,14,10
09/30/2015,72706,66,09/30/2015 08:14:55,14,10
09/30/2015,72773,50,09/30/2015 08:14:58,14,10
09/30/2015,72774,66,09/30/2015 08:14:58,14,10
09/30/2015,72890,50,09/30/2015 08:15:04,14,10
09/30/2015,76007,66,09/30/2015 08:19:27,14,10
09/30/2015,76144,66,09/30/2015 08:19:43,14,10
09/30/2015,76146,50,09/30/2015 08:19:43,14,10
09/30/2015,76169,66,09/30/2015 08:19:45,14,10
09/30/2015,76181,66,09/30/2015 08:19:46,14,10
09/30/2015,76215,66,09/30/2015 08:19:49,14,10
09/30/2015,76217,100,09/30/2015 08:19:49,14,10
09/30/2015,76253,66,09/30/2015 08:19:52,14,10
09/30/2015,76263,50,09/30/2015 08:19:53,14,10
09/30/2015,76264,50,09/30/2015 08:19:53,14,10
09/30/2015,76265,50,09/30/2015 08:19:53,14,10
09/30/2015,76546,50,09/30/2015 08:20:18,14,10
09/30/2015,76589,59,09/30/2015 08:20:22,14,10
09/30/2015,81946,50,09/30/2015 08:26:24,14,10
09/30/2015,81969,50,09/30/2015 08:26:25,14,10
09/30/2015,82013,66,09/30/2015 08:26:27,14,10
09/30/2015,82039,50,09/30/2015 08:26:28,14,10
09/30/2015,83129,66,09/30/2015 08:27:24,14,10
09/30/2015,61147,73,09/30/2015 08:01:48,14,40
09/30/2015,61877,66,09/30/2015 08:02:29,14,40
09/30/2015,64744,66,09/30/2015 08:05:30,14,40
09/30/2015,71241,66,09/30/2015 08:13:43,14,40
09/30/2015,71724,69,09/30/2015 08:14:08,14,40
09/30/2015,72058,66,09/30/2015 08:14:24,14,40
09/30/2015,72138,73,09/30/2015 08:14:28,14,40
09/30/2015,72180,66,09/30/2015 08:14:30,14,40
09/30/2015,72512,73,09/30/2015 08:14:46,14,40
09/30/2015,78526,66,09/30/2015 08:22:57,14,40
09/30/2015,79163,66,09/30/2015 08:23:35,14,40
09/30/2015,79722,66,09/30/2015 08:24:04,14,40
09/30/2015,79723,66,09/30/2015 08:24:04,14,40
09/30/2015,61379,73,09/30/2015 08:02:03,14,37
09/30/2015,61697,66,09/30/2015 08:02:20,14,37
09/30/2015,61698,73,09/30/2015 08:02:20,14,37
09/30/2015,61829,66,09/30/2015 08:02:26,14,37
09/30/2015,65525,73,09/30/2015 08:06:21,14,37
09/30/2015,71167,50,09/30/2015 08:13:39,14,37
09/30/2015,71341,50,09/30/2015 08:13:48,14,37
09/30/2015,72217,50,09/30/2015 08:14:32,14,6
09/30/2015,72261,66,09/30/2015 08:14:34,14,6
09/30/2015,64870,50,09/30/2015 08:05:39,14,28
09/30/2015,65600,66,09/30/2015 08:06:26,14,28
09/30/2015,65765,66,09/30/2015 08:06:39,14,28
09/30/2015,65792,73,09/30/2015 08:06:41,14,28
09/30/2015,65889,68,09/30/2015 08:06:48,14,28
09/30/2015,65018,73,09/30/2015 08:05:49,14,31
09/30/2015,65057,66,09/30/2015 08:05:51,14,31
09/30/2015,65328,68,09/30/2015 08:06:09,14,31
09/30/2015,65514,73,09/30/2015 08:06:20,14,31
09/30/2015,71041,66,09/30/2015 08:13:33,14,31
09/30/2015,71227,50,09/30/2015 08:13:42,14,31
09/30/2015,78524,50,09/30/2015 08:22:57,14,31
09/30/2015,78555,73,09/30/2015 08:22:59,14,31
09/30/2015,79283,50,09/30/2015 08:23:41,14,31
09/30/2015,79327,50,09/30/2015 08:23:43,14,31
09/30/2015,79514,50,09/30/2015 08:23:52,14,31
09/30/2015,79582,66,09/30/2015 08:23:56,14,31
09/30/2015,79608,66,09/30/2015 08:23:57,14,31
09/30/2015,79657,73,09/30/2015 08:24:00,14,31
09/30/2015,62787,50,09/30/2015 08:03:21,14,13
09/30/2015,62898,50,09/30/2015 08:03:27,14,13
09/30/2015,62922,66,09/30/2015 08:03:28,14,13
09/30/2015,62982,66,09/30/2015 08:03:31,14,13
09/30/2015,63138,68,09/30/2015 08:03:39,14,13
09/30/2015,63173,66,09/30/2015 08:03:41,14,13
09/30/2015,63348,50,09/30/2015 08:03:51,14,13
09/30/2015,63380,66,09/30/2015 08:03:53,14,13
09/30/2015,71442,66,09/30/2015 08:13:53,14,13
09/30/2015,71735,66,09/30/2015 08:14:09,14,13
09/30/2015,71736,50,09/30/2015 08:14:09,14,13
09/30/2015,71927,50,09/30/2015 08:14:18,14,13
09/30/2015,72060,68,09/30/2015 08:14:24,14,13
09/30/2015,72101,66,09/30/2015 08:14:26,14,13
09/30/2015,72385,66,09/30/2015 08:14:40,14,13
09/30/2015,72836,66,09/30/2015 08:15:01,14,13
09/30/2015,72972,50,09/30/2015 08:15:09,14,13
09/30/2015,73059,68,09/30/2015 08:15:14,14,13
09/30/2015,75989,73,09/30/2015 08:19:25,14,13
09/30/2015,76080,59,09/30/2015 08:19:35,14,13
09/30/2015,76081,59,09/30/2015 08:19:35,14,13
09/30/2015,76101,50,09/30/2015 08:19:37,14,13
09/30/2015,76116,50,09/30/2015 08:19:39,14,13
09/30/2015,76122,66,09/30/2015 08:19:40,14,13
09/30/2015,76283,59,09/30/2015 08:19:55,14,13
09/30/2015,76356,50,09/30/2015 08:20:01,14,13
09/30/2015,81600,66,09/30/2015 08:26:11,14,13
09/30/2015,81859,73,09/30/2015 08:26:21,14,13
09/30/2015,81926,66,09/30/2015 08:26:23,14,13
09/30/2015,82060,59,09/30/2015 08:26:29,14,13
09/30/2015,82150,50,09/30/2015 08:26:33,14,13
09/30/2015,82279,66,09/30/2015 08:26:39,14,13
09/30/2015,82343,66,09/30/2015 08:26:42,14,13
09/30/2015,60862,50,09/30/2015 08:01:30,14,25
09/30/2015,65015,73,09/30/2015 08:05:49,14,25
09/30/2015,65107,73,09/30/2015 08:05:55,14,25
09/30/2015,65235,73,09/30/2015 08:06:03,14,25
09/30/2015,65620,66,09/30/2015 08:06:27,14,25
09/30/2015,65954,73,09/30/2015 08:06:52,14,25
09/30/2015,79127,73,09/30/2015 08:23:33,14,25
09/30/2015,79131,50,09/30/2015 08:23:33,14,25
09/30/2015,79180,66,09/30/2015 08:23:36,14,25
09/30/2015,79413,73,09/30/2015 08:23:47,14,25
09/30/2015,79512,66,09/30/2015 08:23:52,14,25
09/30/2015,79642,66,09/30/2015 08:23:59,14,25
09/30/2015,79711,50,09/30/2015 08:24:03,14,25
09/30/2015,62825,66,09/30/2015 08:03:23,14,14
09/30/2015,65436,66,09/30/2015 08:06:15,14,14
09/30/2015,66924,66,09/30/2015 08:08:12,14,14
09/30/2015,74828,66,09/30/2015 08:17:35,14,14
09/30/2015,61337,66,09/30/2015 08:02:00,14,42
09/30/2015,61674,73,09/30/2015 08:02:19,14,42
09/30/2015,61718,66,09/30/2015 08:02:21,14,42
09/30/2015,62047,50,09/30/2015 08:02:38,14,42
09/30/2015,62101,66,09/30/2015 08:02:41,14,42
09/30/2015,62130,50,09/30/2015 08:02:43,14,42
09/30/2015,62238,50,09/30/2015 08:02:49,14,42
09/30/2015,62239,50,09/30/2015 08:02:49,14,42
09/30/2015,62307,50,09/30/2015 08:02:53,14,42
09/30/2015,62346,50,09/30/2015 08:02:55,14,42
09/30/2015,62706,66,09/30/2015 08:03:16,14,42
09/30/2015,71302,66,09/30/2015 08:13:46,14,42
09/30/2015,71340,73,09/30/2015 08:13:48,14,42
09/30/2015,71956,73,09/30/2015 08:14:19,14,42
09/30/2015,72326,73,09/30/2015 08:14:37,14,42
09/30/2015,78397,66,09/30/2015 08:22:48,14,42
09/30/2015,79624,66,09/30/2015 08:23:58,14,42
09/30/2015,79656,68,09/30/2015 08:24:00,14,42
09/30/2015,64871,73,09/30/2015 08:05:39,14,9
09/30/2015,65291,66,09/30/2015 08:06:07,14,9
09/30/2015,65432,66,09/30/2015 08:06:15,14,9
09/30/2015,65775,68,09/30/2015 08:06:40,14,9
09/30/2015,78743,66,09/30/2015 08:23:11,14,9
09/30/2015,78825,73,09/30/2015 08:23:16,14,9
09/30/2015,79036,66,09/30/2015 08:23:28,14,9
09/30/2015,79412,73,09/30/2015 08:23:47,14,9
09/30/2015,61758,66,09/30/2015 08:02:23,14,41
09/30/2015,61943,73,09/30/2015 08:02:33,14,41
09/30/2015,62050,66,09/30/2015 08:02:38,14,41
09/30/2015,62327,73,09/30/2015 08:02:54,14,41
09/30/2015,62411,66,09/30/2015 08:02:59,14,41
09/30/2015,62630,66,09/30/2015 08:03:11,14,41
09/30/2015,71063,73,09/30/2015 08:13:34,14,41
09/30/2015,71361,66,09/30/2015 08:13:49,14,41
09/30/2015,71482,73,09/30/2015 08:13:55,14,41
09/30/2015,71877,50,09/30/2015 08:14:15,14,41
09/30/2015,72064,66,09/30/2015 08:14:24,14,41
09/30/2015,72814,66,09/30/2015 08:15:00,14,41
09/30/2015,72835,66,09/30/2015 08:15:01,14,41
09/30/2015,78966,50,09/30/2015 08:23:25,14,41
09/30/2015,79260,73,09/30/2015 08:23:40,14,41